Name,Image,Capital,Population,Region,Description
Syria,syria,"Damascus",17500657,"Middle East","Syria is a Middle Eastern country with a rich history, including ancient civilizations and landmarks like Damascus and Palmyra. Despite its cultural heritage, Syria has faced significant challenges in recent years due to conflict and humanitarian crises. Its resilient people and traditions remain deeply inspiring."
Lebanon,lebanon,"Beirut",6825445,"Middle East","Lebanon is a small Middle Eastern country on the Mediterranean coast, known for its rich history, vibrant culture, and ancient cities like Byblos and Baalbek. Despite facing challenges such as political instability and economic crises, Lebanon remains renowned for its resilience, natural beauty, and culinary heritage. Its diverse society and deep-rooted traditions make it a unique cultural hub in the region."
Jordan,jordan,"Amman",10203134,"Middle East","Jordan is a Middle Eastern country known for its historical treasures, including the ancient city of Petra and the Roman ruins of Jerash. Renowned for its stability in a turbulent region, Jordan boasts diverse landscapes, from the Dead Sea to the Wadi Rum desert. Its culture reflects a rich blend of tradition and modernity."
Iraq,iraq,"Baghdad",40222503,"Middle East","Iraq, Located in the heart of the Middle East, is known as the cradle of civilization, with ancient Mesopotamian cities like Babylon and Ur. Despite its rich cultural heritage and vast oil reserves, Iraq has endured challenges such as conflict and political instability in recent decades. Its people, history, and landscapes remain deeply significant to the region's identity."
Egypt,egypt,"Cairo",104124000,"North Africa","Egypt, located in North Africa, is famous for its ancient civilization, including the iconic pyramids of Giza, the Sphinx, and the Nile River. As a cultural crossroads of Africa, the Middle East, and the Mediterranean, Egypt boasts a rich heritage and vibrant traditions. Despite modern challenges, its historical significance and diverse society continue to captivate the world."
Saudi Arabia,saudi-arabia,"Riyadh",34813871,"Middle East","Saudi Arabia, located in the Arabian Peninsula, is known as the birthplace of Islam and home to its two holiest cities, Mecca and Medina. Renowned for its vast deserts, oil wealth, and cultural heritage, the kingdom plays a significant role in the global economy and Islamic traditions. Recent years have seen efforts toward modernization and economic diversification while preserving its deep-rooted traditions."
Palestine,palestine,"Ramallah",5000000,"Middle East","Palestine, located in the Middle East, is a region with deep historical and cultural significance, home to ancient cities like Jerusalem and Bethlehem. Despite enduring decades of conflict and hardship, its people maintain a strong sense of identity and resilience. Palestine's rich heritage and traditions continue to inspire and connect communities worldwide."
UAE,uae,"Abu Dhabi",9770529,"Middle East","The United Arab Emirates (UAE), located in the Arabian Peninsula, is a federation of seven emirates, including Dubai and Abu Dhabi. Known for its rapid development, futuristic architecture, and thriving economy fueled by oil and tourism, the UAE blends modern innovation with cultural traditions. It is a global hub for business, luxury, and multicultural experiences."
Kuwait,kuwait,"Kuwait City",4137300,"Middle East","Located in the Arabian Peninsula, Kuwait is a small yet wealthy nation known for its vast oil reserves and modern urban development. Despite its size, it plays a prominent role in the region's economy and culture."
Oman,oman,"Muscat",5106622,"Middle East","Situated on the southeastern tip of the Arabian Peninsula, Oman is renowned for its stunning natural beauty, including deserts, mountains, and coastlines. Known for its rich history and peaceful diplomacy, Oman preserves strong cultural traditions while embracing modernity."
Yemen,yemen,"Sana'a",29825968,"Middle East","Yemen, at the southern edge of the Arabian Peninsula, is home to ancient history, diverse landscapes, and unique architecture, such as the city of Sana'a. However, it faces ongoing conflict and humanitarian challenges that impact its people and heritage."
Qatar,qatar,"Doha",2881053,"Middle East","A small Gulf nation, Qatar is known for its immense wealth derived from natural gas and oil, as well as its rapid modernization. It has gained global attention for hosting events like the FIFA World Cup, blending innovation with cultural traditions."
Bahrain,bahrain,"Manama",1641160,"Middle East","Bahrain is an island nation in the Persian Gulf, famous for its rich history, pearl diving heritage, and modern financial sector. Despite its small size, Bahrain is a cultural and economic hub in the region."
